{"ratio": [], "shift": [["FAIRE PARTI DE,promo", 0], ["FAIRE PARTI DE,student", 0]], "colors": [["annotation_color", "#4575b4"], ["annotation_text_color", "#ffffbf"], ["association_attribute_text_color", "#000000"], ["association_cartouche_color", "#abd9e9"], ["association_cartouche_text_color", "#000000"], ["association_color", "#e0f3f8"], ["association_stroke_color", "#74add1"], ["background_color", "#ffffbf"], ["card_text_color", "#d73027"], ["entity_attribute_text_color", "#000000"], ["entity_cartouche_color", "#fdae61"], ["entity_cartouche_text_color", "#000000"], ["entity_color", "#fee090"], ["entity_stroke_color", "#f46d43"], ["leg_stroke_color", "#74add1"], ["transparent_color", "none"]], "cy": [["promo", 60], ["student", 60], ["FAIRE PARTI DE", 144]], "cx": [["promo", 75], ["student", 234], ["FAIRE PARTI DE", 75]], "size": [304, 178]}